{
   "pathologies": {
      "A": [
         {
            "title": "Abcès de la marge anale",
            "file": "pathologies_143.html",
            "coverage": "1",
            "keywords": "",
            "authors": "Benjamin BLANC",
            "chapters": [
               "PI",
               "C",
               "SP",
               "DE",
               "DD",
               "T",
               "S",
               "D"
            ],
            "speciality": "5,1",
            "action": "ADD"
         }
      ]
   },
   "ressources": [
      {
         "action": "ADD",
         "file": "style.css"
      },
      {
         "action": "ADD",
         "file": "view.css"
      }
   ]
}